kalman,wavelet,crash,coupling,churn,was_buggy
1.0,0.41935449156294585,0.0,0.0,0.01078488941084361,0
0.8804981368908086,0.3023991335415949,0.0,0.1846153846153846,0.012981670247291677,0
0.8997706767623899,0.2443136505248561,0.0,0.21153846153846156,0.007859529073802107,0
0.8804981407921872,0.03111000378191568,0.0,0.4,0.009731367635918652,0
4.204331674977715e-08,1.0,0.0,0.1846153846153846,0.010776829815895825,0
0.6826299349940298,0.019846986151424214,0.0,0.0,0.00950303785636392,0
1.985024435959792e-15,0.10153943953854479,0.0,0.0,1.0,0
1.4285578155084629e-21,0.04788235782456831,0.0,1.0,0.012186955939466988,0
1.4611319561892822e-19,0.7650054182475894,0.0,0.0,0.0200613156107899,0
8.499216107890936e-09,0.015385843797658286,0.0,0.9230769230769231,0.002452000925283368,0
1.7081536613422242e-10,0.4394951142568997,0.0,0.1846153846153846,0.011397614943539592,0
0.0,0.020105263319722535,0.0,0.7384615384615384,0.006836048763814514,0
1.8124309299797458e-39,0.06035013443288176,0.021631205673758758,0.5307692307692308,0.014054167102373732,0
0.004770867761826824,0.026485324322329907,0.0,0.5903846153846154,0.006722114617750941,0
1.944864042580594e-13,0.4340446781067054,0.0,0.0,0.008909281702022593,0
1.5622797930150912e-16,0.01324198956437251,0.0,0.5538461538461539,0.006189395502372601,0
0.011149891855310883,0.38763473074605204,0.0,0.0,0.004606130850085929,0
1.870019290491091e-23,0.039028966245633887,0.03083360197721885,0.3961538461538462,0.03137877457272175,0
0.0,0.055269776651743985,0.0,0.3923076923076923,0.00838331515812432,0
5.814843345008018e-09,0.0502779554287401,0.0,0.3923076923076923,0.008318653356821295,0
0.0,0.17950109460323707,0.0,0.21538461538461537,0.006888847514429342,0
0.007937519432209375,0.1922531454469425,0.0,0.17307692307692307,0.0084537253170147,0
1.0808513156806928e-07,0.008166478083337434,0.0,0.41923076923076924,0.0043822448402601084,0
8.3903457019802e-14,0.1610112166084518,0.0,0.2076923076923077,0.012065993597636049,0
8.54980205976158e-09,0.16583853987307523,0.0,0.2,0.011704834605597963,0
1.5382744337960766e-23,0.08994348649579377,0.012499999999999956,0.1980769230769231,0.08457211731619124,0
3.5159003470158455e-17,0.028427183326056475,0.0,0.3692307692307692,0.0149175455975759,1
3.663529502457604e-13,0.10253565147340975,0.0,0.1846153846153846,0.012042642800737035,0
0.0,0.07362684080133566,0.0,0.20384615384615384,0.013522355507088331,0
1.1670084828192354e-55,0.182827950509175,0.033333333333333326,0.0,0.013417801211930432,0
4.692206428088371e-13,0.08760429093693117,0.0,0.1846153846153846,0.009605176684697438,0
5.693204946868774e-65,0.004384178063659172,0.052631578947368474,0.19615384615384615,0.012123933542882803,0
5.868063036209737e-07,0.05785675206467998,0.0,0.1846153846153846,0.01935233778625954,0
8.824866599069687e-12,0.18074328479362425,0.0,0.0,0.006156119182467372,0
6.240363265695674e-15,0.018852695921680523,0.0,0.2,0.006520356234096692,0
0.0,0.012317361145274758,0.0,0.1980769230769231,0.0057251908396946565,0
0.0,0.008484712451419294,0.0,0.2,0.006717557251908396,0
1.6674253538690842e-11,0.0022322526688640723,0.0,0.21153846153846156,0.002544529262086514,0
2.87387950269665e-14,0.011235056820977026,0.0,0.19615384615384615,0.005790997630955514,0
0.0,0.14979922024893,0.0,0.0,0.015685454355327828,0
3.041362036490627e-08,0.15313222561125597,0.0,0.0,0.009461348242124502,0
0.0,0.006012630983421066,0.0,0.2,0.003358778625954198,0
0.0,0.001205293452058838,0.0,0.20576923076923076,0.0034351145038167934,0
3.225730914221433e-13,0.006037228808973287,0.0,0.19615384615384615,0.0053717839977381965,0
3.04136300597607e-08,0.0018386874600285334,0.0,0.2,0.005089058524173028,0
6.763300275226337e-15,0.14330078221085257,0.0,0.0,0.015797285835453777,0
2.781523884060972e-17,0.14060578294878734,0.0,0.0,0.01111261230831588,0
8.518295267792785e-09,0.09820528115314606,0.0,0.0,0.0058500392380680605,0
1.2988838248747763e-11,0.06616200127908693,0.0,0.0,0.003909886427108546,0
6.314250684068948e-16,0.0007880672489176956,0.0,0.0,0.0900763358778626,0
1.893792880412163e-12,0.025823050689584667,0.010638297872340385,0.0,0.026503130628698857,0
0.0,0.0526577950509175,0.0,0.0,0.004519887505022097,0
1.3056364871051607e-22,0.028659157155507452,0.0,0.0,0.03119814138732161,0
3.042501240436947e-08,0.0457627170758105,0.0,0.0,0.007002987056090276,0
6.468474069144946e-15,0.03726532137059084,0.0,0.0,0.012506090628552865,0
0.0,0.039502570472770206,0.0,0.0,0.007633587786259542,0
0.0,0.0357652383529296,0.0,0.0,0.011068702290076336,0
1.5181876915592466e-12,0.029640379790426528,0.0,0.0,0.010711647377493229,0
8.518295267792785e-09,0.03320552713140158,0.0,0.0,0.004880490551870855,0
1.2927164848048544e-11,0.018225451370098882,0.0,0.0,0.024247867085765602,0
2.0085261830560014e-16,0.028482744625375117,0.0,0.0,0.007633587786259542,0
1.1931076356846145e-15,0.01881118709106115,0.0,0.0,0.00431463657484235,0
0.0,0.015868287868352437,0.0,0.0,0.008203258516577418,0
0.0,0.011259654646529246,0.0,0.0,0.007633587786259542,0
6.240363265695674e-15,0.006321641166920845,0.0,0.0,0.002290076335877863,0
4.615501072105537e-11,0.005164006001869435,0.0,0.0,0.002804175105156566,0
0.0,0.004993358587100901,0.0,0.0,0.002544529262086514,0
0.0,0.0035159516898706153,0.0,0.0,0.0022618037885213456,0
5.060046253553349e-08,0.003950641388301274,0.0,0.0,0.0011644455945141678,0
3.285590806318058e-22,0.00016603532247749298,0.0,0.0,0.005089058524173028,0
0.0,0.0,0.0,0.0,0.003816793893129771,0
0.0,0.00029363654252964036,0.0,0.0,0.002775850104094379,0
0.0,0.0008962832685590594,0.0,0.0,0.0011743981209630064,0
0.0,0.0011314999754021744,0.0,0.0,0.00054525627044711,0
0.0,0.0011314999754021744,0.0,0.0,0.00054525627044711,0
0.0,0.0004181630343877601,0.0,0.0,0.0012722646310432567,0
0.0,0.0008363260687755202,0.0,0.0,0.0,0
2.228052608062206e-14,0.00024597825552221184,0.0,0.0,0.0007633587786259541,0
2.228052608062206e-14,0.00024597825552221184,0.0,0.0,0.0007633587786259541,0
2.228052608062206e-14,0.00024597825552221184,0.0,0.0,0.0007633587786259541,0
2.228052608062206e-14,0.00024597825552221184,0.0,0.0,0.0007633587786259541,0
0.0,0.0005657499877010872,0.0,0.0,0.0,0
0.0,0.00017218477886554829,0.0,0.0,0.0,0
0.6268504001654389,1.0,0.0,0.23861566484517305,0.02726270004786581,0
1.0,0.07006757856801869,0.0,0.25500910746812383,0.021793704653921487,0
0.9203674669973047,0.07289852912905787,0.0,0.25500910746812383,0.04215713112510266,0
0.8418875174373595,0.021621094594358427,0.0,0.24772313296903456,0.07737932293092435,1
0.6268504001654389,0.20930407964097908,0.0,0.25500910746812383,0.04364466527899013,0
0.33333333333332377,0.36091480795710734,0.0,0.14389799635701273,0.0380845351813698,0
1.6792369813552252e-19,0.04726876565404593,0.0,0.14389799635701273,1.0,0
0.48821925622543555,0.055803138213670424,0.0,0.13479052823315116,0.043495452748121784,0
0.2935170668320423,0.19058775049922783,0.0,0.23132969034608378,0.04191379992091736,0
0.0,0.0,0.0,1.0,4.861637788538203e-05,0
0.32792355014652913,0.049132879107304316,0.0,0.2659380692167577,0.09482061071700723,0
0.2935170668320423,0.09040921504186523,0.0,0.23132969034608378,0.04335166612746685,0
0.3328972954992319,0.004993643526043089,0.0,0.2622950819672131,0.032308152263017295,0
0.2935170668320423,0.08745937881434428,0.0,0.20765027322404367,0.042616756733008215,0
0.09510909298370818,0.0984095075419963,0.0,0.4899817850637522,0.03859378672832926,0
0.2935170668320423,0.034242751193685673,0.0,0.20765027322404367,0.04631983279670113,0
0.1961225373458058,0.019607508141483602,0.0,0.3369763205828779,0.07850865444712306,0
0.33333333333332377,0.016419559244613812,0.0,0.13479052823315116,0.03680384463302613,0
0.33333333333332377,0.002748397458008295,0.0,0.14389799635701273,0.015322261763542904,0
0.0,0.232420788113089,0.0,0.24772313296903456,0.028930592181059422,0
0.0,0.12865958595594654,0.0,0.32240437158469937,0.014291555836258445,0
0.0,0.0,0.0,0.4845173041894352,0.011862396204033215,0
0.0,0.0003679246931738012,0.0,0.4344262295081967,0.020759193357058125,0
0.01087076848016946,0.01592472568339712,0.0,0.3588342440801457,0.014927321539046582,0
5.055181098350346e-10,0.08577152428440947,0.0,0.23132969034608378,0.04761607458741754,0
0.0,0.03019465975704093,0.0,0.30054644808743164,0.013363965343784255,0
0.0,0.008275028767111947,0.0,0.2622950819672131,0.021156644776265426,0
0.0,0.0,0.0,0.27504553734061926,0.011862396204033215,0
0.0,0.04266730685563279,0.0,0.13661202185792348,0.08358851278655963,0
0.0,0.006982980723505513,0.0,0.13479052823315116,0.0372233811919663,0
0.0,0.01076087746360075,0.0,0.14389799635701273,0.015762362079331807,0
0.0,0.0005298115581702737,0.0,0.14480874316939887,0.016770973943633166,0
0.0003050522079248016,0.0007836795964601966,0.0,0.14571948998178505,0.009885330170027679,0
5.5212620992043537e-33,0.0015153287487617035,0.06714150047483392,0.0,0.034544340594162656,0
7.5275295802717175e-28,0.00014979996394338008,0.0455026455026456,0.0,0.0680526940126116,0
0.0,0.0,0.0,0.0,0.0,0
0.0,0.0,0.0,0.0,0.0,0
0.9688563689892297,0.024910402665821677,0.0,0.48863636363636376,0.028694321233325645,1
1.0,0.0034242444637296427,0.0,0.3028756957328386,0.03526825785101215,0
0.6357272432740853,0.49437781536665876,0.0,0.08047309833024119,0.014185568956971227,0
0.0,1.0,0.0,0.0,0.12256890297469179,0
0.6063284155199278,0.010089005693993581,0.0,0.3703617810760668,0.02038111483029738,0
0.7289821501694131,0.007440921089910216,0.0,0.1572356215213358,0.026851591856637304,0
0.06907907173047957,0.8782255610216475,0.0,0.07966141001855287,0.00889404715973147,0
0.5402144438252567,0.0059208186675906846,0.0,0.3722170686456401,0.029825099723841668,0
0.0670298845399489,0.07765464427215363,0.0,0.08047309833024119,0.9865225293270706,0
0.06113604884468946,0.07321832631919732,0.0,0.08047309833024119,1.0,0
0.04498293333690059,0.0030145153807925886,0.0,1.0,0.024109553147549912,0
0.46323015211498725,0.10180001094231576,0.0,0.14587198515769945,0.022942384402955127,0
0.4903300737028722,0.04031032293509383,0.0,0.1587430426716141,0.022253223631160935,0
0.005426534924890068,0.004628685052796674,0.0,0.9308905380333953,0.01327341654376466,0
0.0,0.5130371708186676,0.0,0.07989332096474953,0.1783401430855445,0
0.47601366063591294,0.009753541078707165,0.0,0.07363172541743969,0.021628329445755386,0
0.4758767531366275,0.0008087055240457388,0.0,0.07676252319109463,0.0017516328409240345,0
0.19771342414469764,0.2743294127167946,0.0,0.13810296846011133,0.014022325180722661,0
0.3214297871806872,0.16330266445388725,0.0,0.08047309833024119,0.009975515213756567,0
0.3517218881041222,0.00564547089287017,0.0,0.23307050092764375,0.012140924433038578,0
0.3178636216370426,0.1408570967756643,0.0,0.08047309833024119,0.013366063209573488,0
0.40994275585598927,0.02609970273375522,0.0,0.07989332096474953,0.008284749923289352,0
0.40994275585598927,6.596734630605657e-05,0.0,0.10180890538033395,0.00020001302229034014,0
0.17800332574026098,0.014487328196381512,0.0,0.3730287569573284,0.050647437864375575,0
0.40994275585598927,0.0,0.0,0.0,0.000436039469646808,0
0.2798978952882406,0.07304223733882881,0.0,0.08000927643784786,0.008904998580647914,0
0.23177927884144794,0.008226541270767603,0.0,0.2372448979591837,0.0124505281333049,0
0.32329015656193805,0.002001389446136451,0.0,0.07676252319109463,0.011090874897306712,0
0.11678747936328998,0.012805692375563928,0.0,0.3109925788497217,0.10648439799362519,0
0.258760184372743,0.00361605779138475,0.0,0.15897495361781075,0.013214518472684669,0
0.09895887838073592,0.17803076500465048,0.0,0.16001855287569572,0.01707672943371887,0
0.017917461769311794,0.01347158422719325,0.0,0.15978664192949907,0.3629947836759742,0
0.22245622311039734,0.009212596372166397,0.0,0.14969851576994433,0.015884294965705148,0
0.2170287373395137,0.001884699906990316,0.0,0.16048237476808905,0.013180283968869423,0
0.24905266773974538,0.00287747819230664,0.0,0.08024118738404452,0.017217871579705696,0
0.11489768305048458,0.16993288143089016,0.0,0.07838589981447125,0.00877936185900812,0
0.005520091786712239,0.007574695196665329,0.0,0.3775510204081633,0.01811017263933076,0
0.019536918720225064,0.026215822360622254,0.0,0.31122448979591844,0.016033077189675077,0
0.035284070168857824,0.16354771782902175,0.0,0.07618274582560297,0.03174081771617911,0
0.14818138857351582,0.017788102055331642,0.0,0.07838589981447125,0.011506597115679655,0
0.1226608509187703,0.0012589006050188756,0.0,0.1361317254174397,0.013210817445245182,0
0.001255236127733893,0.00976295130997187,0.0,0.30461502782931354,0.031032707339778757,0
0.04416690727305269,0.18304192353088014,0.0,0.0,0.03228339579679755,0
0.036571310262446345,0.1428034896868674,0.0,0.08000927643784786,0.010518839790243784,0
0.03382897888472649,0.011593689874254555,0.0,0.23678107606679036,0.02800382412087062,0
0.0407334426411407,0.020208724316903143,0.0,0.2288961038961039,0.01225886594065059,0
0.04399732848230012,0.004030838167139314,0.0,0.23515769944341375,0.0135306919596579,0
0.03292525763350876,0.07391701706773293,0.0,0.16117810760667903,0.011807116485034934,0
0.10966398140287642,0.03578817585897179,0.0,0.08024118738404452,0.01562322304881372,0
0.12827200436214248,0.011598854704283916,0.0,0.07363172541743969,0.009271029676061894,0
0.021322342347994717,0.09007862509802492,0.0,0.08047309833024119,0.07389101282933747,0
0.0,0.16322458647165028,0.0,0.07838589981447125,0.012129181442217127,0
0.015333353435858467,0.015071541711737229,0.0,0.22333024118738407,0.03534689070633788,0
0.0344832055028626,0.050674854501395146,0.0,0.15769944341372913,0.017449564856744974,0
0.07826209922968959,0.0015804001432474513,0.0,0.1476113172541744,0.015415927072449806,0
0.028562753524362387,0.0635177208524064,0.0,0.14285714285714288,0.012220006136851796,0
0.004778387965135601,0.06348010664198567,0.0,0.08035714285714285,0.11366676894752992,0
0.0,0.01820969466379735,0.0,0.23991187384044527,0.012506278546621508,0
0.013374321311662109,0.029164548492696004,0.0,0.1583951762523191,0.056103745094555964,0
0.041525630474837615,0.008783194184501122,0.0,0.16001855287569572,0.015146128714383617,0
0.09020960544671283,0.003041051921288275,0.0,0.08047309833024119,0.017289912883386473,0
0.02932233367173062,0.003052180794269646,0.0,0.15619202226345083,0.03604130062169826,0
0.045560282779017094,0.002415537575456386,0.0,0.15897495361781075,0.004427587663921851,0
0.035206870684280515,0.017945397844363796,0.0,0.14935064935064934,0.010303722593670791,0
0.039916194468937974,0.007252953000474167,0.0,0.15862708719851576,0.004103172674941414,0
0.030370565115728432,0.007225908881854905,0.0,0.15619202226345083,0.02014933006034571,0
0.01567664608126734,0.014518764646745574,0.0,0.16094619666048238,0.01691676481342317,0
0.005426534924890068,0.03669722156365692,0.0,0.15630797773654917,0.008688884065888833,0
0.012425163874992548,0.0075291111192165305,0.0,0.08035714285714285,0.10678122123350721,0
0.025799356632419376,0.0013380115532617219,0.0,0.16001855287569572,0.012427124884934028,0
0.0004263684990810163,0.016226399932522385,0.0,0.08047309833024119,0.11407463355913801,0
0.003965507471240312,0.028648768975229333,0.0,0.1512059369202226,0.019472340612539423,0
0.03291769407307408,0.0004044952400926449,0.0,0.1583951762523191,0.001044758286786489,0
0.0,0.0024071669888570753,0.0,0.20871985157699444,0.002141488883565655,0
0.027414029344486012,0.0009485833690478361,0.0,0.15456864564007422,0.010143011588326216,0
0.0,0.02406568580964018,0.0,0.16001855287569572,0.009476800271964078,0
0.05898943756412585,0.0070623529626319915,0.0,0.07919758812615955,0.010234102846416258,0
0.04893820895179778,0.017688928413888534,0.0,0.0774582560296846,0.014483929119361767,0
0.005426534924890068,0.007979769253916438,0.0,0.14969851576994433,0.010484241053366171,0
1.3649637950958654e-06,0.008931629618569109,0.0,0.15352504638218925,0.01363140296656681,0
0.04199784518733708,0.009364798570204074,0.0,0.08000927643784786,0.01157595194760978,0
2.6650749473626167e-07,0.000496821029307169,0.0,0.15943877551020408,0.013807916538815588,0
0.0,0.0,0.0,0.16117810760667903,0.008284749923289352,0
0.04199784518733708,0.00564612094906352,0.0,0.08024118738404452,0.010178407048612633,0
0.011640449996928573,0.04463268013787318,0.0,0.07722634508348794,0.010376046020430355,0
0.042803046889973564,0.002689380425564897,0.0,0.07954545454545454,0.010376046020430355,0
0.035774519458305606,0.0032217141137636093,0.0,0.0801252319109462,0.01967628106781221,0
5.339145863762522e-14,0.0007619727171593748,0.0,0.1476113172541744,0.012887388769561215,0
0.021108884191200467,0.018851522748618534,0.0,0.08058905380333951,0.014879575732872916,0
0.03404060611272651,0.003432261081374355,0.0,0.0774582560296846,0.015503145896056314,0
0.013374321311662109,0.026970528696223076,0.0,0.07954545454545454,0.009592868332229776,0
0.0,0.0,0.0,0.14285714285714288,0.0004946119357187673,0
0.022461810725747353,0.012413464163345978,0.0,0.07815398886827458,0.009937233735481837,0
0.03220322199084601,0.0022477340287782904,0.0,0.07850185528756957,0.004322478220846618,0
9.264124387494403e-05,0.0050744989331242135,0.0,0.11897031539888683,0.010523871524178366,0
0.011667657170455658,0.017670557647766857,0.0,0.08024118738404452,0.012045203789179554,0
0.02132596048106727,0.006907194344646472,0.0,0.0774582560296846,0.012296313044039985,0
0.011589132333452391,0.0016191207849287838,0.0,0.07838589981447125,0.02809610843550302,0
0.011589132333452391,0.012015888014516805,0.0,0.08070500927643784,0.010798743003459914,0
0.018921284782158498,0.0012515896990635202,0.0,0.0786178107606679,0.014286301048821797,0
0.005426534924890068,0.00165327990215746,0.0,0.10180890538033395,0.012378391061855856,0
0.01589557277354539,0.008113128727226306,0.0,0.08058905380333951,0.0059698933270761504,0
0.01499716164388187,0.0006177760056672077,0.0,0.08047309833024119,0.016032525314513654,0
0.0,0.0,0.0,0.11038961038961037,0.008284749923289352,0
0.013374321311662109,0.0014128125398938595,0.0,0.0786178107606679,0.015859378424582474,0
0.02237550098853312,0.0018604430156110372,0.0,0.07258812615955473,0.005066076964586132,0
0.012425035320756029,0.0026688992030346687,0.0,0.08047309833024119,0.012427124884934028,0
0.005426534924890068,0.008044311819524738,0.0,0.08070500927643784,0.014098609518580125,0
2.6476262825098572e-12,0.0011035549845667754,0.0,0.07931354359925788,0.03001524152535978,0
0.006231736627528917,0.006622238205095472,0.0,0.08070500927643784,0.010013741211628,0
0.005426534924890068,0.008668935677420532,0.0,0.07919758812615955,0.010021874907204862,0
0.006765809001739864,0.0018247166396148304,0.0,0.08047309833024119,0.015385964143251654,0
0.00616259740856266,0.06754700066565754,0.0,0.0,0.009098690266630061,0
0.005426534924890068,0.0014726533291995695,0.0,0.08070500927643784,0.016569499846578704,0
2.2651406747028922e-10,0.0008972467395318512,0.0,0.07711038961038962,0.028469413372757955,0
0.005426534924890068,0.002639691198730691,0.0,0.07235621521335807,0.02105141373950573,0
0.005426525009683468,0.0037339227746065328,0.0,0.08035714285714285,0.01099871972574621,0
0.005426675958699987,0.0029713801451680556,0.0,0.07676252319109463,0.01548888029136705,0
0.005452500170338902,0.0026271531285904474,0.0,0.07954545454545454,0.011899913526179251,0
0.005426534924890068,0.0008161143836740649,0.0,0.07931354359925788,0.014360233200368212,0
0.005426534924890068,0.0010959413127131473,0.0,0.07989332096474953,0.012855646432690373,0
0.0,0.010515451461711013,0.0,0.08024118738404452,0.008871280891309839,0
0.005426534924890068,0.004937577508069958,0.0,0.07467532467532467,0.011984735325923432,0
0.005426534924890068,0.0032388114821366694,0.0,0.07676252319109463,0.011482372700699277,0
0.0,0.010670467601626758,0.0,0.07815398886827458,0.008684014979833416,0
0.00542348466430977,0.0017859626046358944,0.0,0.07966141001855287,0.009979357862143993,0
1.1052803422596722e-11,0.000841724816716211,0.0,0.07711038961038962,0.02189541051155043,0
0.005426534924890068,0.000803825650155928,0.0,0.08047309833024119,0.009249963506585199,0
0.0,0.007670449364433826,0.0,0.07919758812615955,0.008459165711148076,0
0.005426534924890068,0.0012570840096292378,0.0,0.07235621521335807,0.013912127229674573,0
0.0,0.009047927343023362,0.0,0.07618274582560297,0.008539665305544408,0
2.280539775612291e-10,0.0006773051241952838,0.0,0.07908163265306123,0.016569499846578704,0
0.005460021815340744,0.001753050170517754,0.0,0.07235621521335807,0.012427124884934028,0
0.005426534924890068,0.002164384357959623,0.0,0.07235621521335807,0.010651821329943453,0
0.0,0.00044909087593237646,0.0,0.08070500927643784,0.012703283215710341,0
1.8398820361774317e-11,0.0005193948984872249,0.0,0.07815398886827458,0.01364054785349661,0
0.0,0.0016003136797184177,0.0,0.0786178107606679,0.011660018410555384,0
0.005426534924890068,0.0006445707876643627,0.0,0.07954545454545454,0.002844763527876464,0
0.0,0.0006263335947330987,0.0,0.07954545454545454,0.008732574243467154,0
0.0,0.0,0.0,0.08000927643784786,0.009059025617054713,0
0.0,0.0,0.0,0.08070500927643784,0.008284749923289352,0
0.0,0.0,0.0,0.08024118738404452,0.008284749923289352,0
0.0,0.0,0.0,0.08024118738404452,0.008284749923289352,0
0.0,0.0,0.0,0.08024118738404452,0.008284749923289352,0
0.0,0.00011170280670399212,0.0,0.07815398886827458,0.008652961030991101,0
0.0,0.0,0.0,0.07838589981447125,0.008284749923289352,0
0.04199784518733708,0.0007334771032042748,0.0,0.0,0.013807916538815588,0
0.0,0.0030154058687286854,0.0,0.07235621521335807,0.008284749923289352,0
0.0,0.0021907428008680905,0.0,0.07815398886827458,0.0016504775237803006,0
0.0,0.00021143745554684222,0.0,0.07908163265306123,0.0022935183403456397,0
0.0,0.0,0.0,0.08047309833024119,0.00027042210432101746,0
0.036571310262446345,0.004572406215235351,0.0,0.0,0.010183338447376495,0
0.036571310262446345,0.0015410428026918098,0.0,0.0,0.010586069346425283,0
0.0,0.032826947276275234,0.0,0.0,0.00869898741945382,0
0.008282605252372824,0.0006861387645213648,0.0,0.0,0.03205838013794575,0
0.01085330450999659,0.002650092097824303,0.0,0.0,0.01739797483890764,0
0.005426534924890068,0.003127536109642004,0.0,0.0,0.012229868934379521,0
0.01321937626468487,0.0,0.0,0.0,0.0005988975848160977,0
0.005426534924890068,0.00024036050371126875,0.0,0.0,0.010028907801876584,0
0.0,0.0021907428008680905,0.0,0.0,0.011773065680463816,0
0.0,0.0004810059635620885,0.0,0.0,0.010125805461798098,0
0.0,0.00041261649006984845,0.0,0.0,0.010125805461798098,0
0.0,0.0005243192967738406,0.0,0.0,0.009941699907947223,0
0.0,0.0005835901738004487,0.0,0.0,0.009320343663700522,0
0.0,0.0005835901738004487,0.0,0.0,0.009320343663700522,0
0.0,0.0005835901738004487,0.0,0.0,0.009320343663700522,0
0.0,0.0005835901738004487,0.0,0.0,0.009320343663700522,0
0.0,0.0004855652617949045,0.0,0.0,0.009113224915618287,0
0.0,0.0005835901738004487,0.0,0.0,0.008284749923289352,0
0.0,3.647438586252804e-05,0.0,0.0,0.008837066584841976,0
0.0,0.0,0.0,0.0,0.008284749923289352,0
0.0,0.0,0.0,0.0,0.008284749923289352,0
0.0,0.0,0.0,0.0,0.008284749923289352,0
0.0,0.0,0.0,0.0,0.008284749923289352,0
0.0,0.0,0.0,0.0,0.008284749923289352,0
0.0,0.00014133824521729614,0.0,0.0,0.0010520317362907113,0
0.0,0.0,0.0,0.0,0.0,0
0.0,0.0,0.0,0.0,0.0,0
1.0,0.014003102322640295,0.0,0.49275362318840576,0.028691563111032107,0
0.5057419899043046,0.040461102529358146,0.0,0.15773809523809523,1.0,0
0.5544981697526602,0.04291221774540202,0.0,0.07919254658385093,0.9864906355541909,0
0.3721169203350132,0.0016559028919321663,0.0,1.0,0.022879950875038375,0
0.0,1.0,0.0,0.23369565217391303,0.008685000501112788,0
0.7462501458509897,0.0017231604925675259,0.0,0.07945134575569357,0.017231684220330973,0
0.5188761163743558,0.0013926134218321133,0.0,0.3053830227743271,0.03780365551860497,0
0.31543192469549514,0.18279910260479845,0.0,0.15838509316770183,0.017077349169041373,1
0.46552616918435363,0.001410298741247114,0.0,0.14738612836438922,0.01316193461855437,0
0.04489047988971406,0.003834249087709619,0.0,0.8263457556935816,0.014592854043547654,0
0.2720145872749944,0.01407735680001159,0.0,0.37072981366459623,0.04990593311669445,0
0.23427946299404231,0.004000914494741655,0.0,0.45031055900621114,0.02285985429982974,0
0.4048365513530363,0.009977364168874176,0.0,0.15579710144927536,0.014255559454362033,0
0.3639636004878101,0.002245569353278388,0.0,0.23175465838509318,0.01397826117676379,0
0.0,0.5541973545153492,0.0,0.0,0.11519644003524876,0
0.3369634238110042,0.011208302747829964,0.0,0.22593167701863354,0.012170186635658713,0
0.2918840225421491,0.1614961617358269,0.0,0.0759575569358178,0.030309037590749422,0
0.18188939898661297,0.2584200276867692,0.0,0.13832815734989648,0.013876466740532098,0
0.4039888433524957,0.020603036695676053,0.0,0.07919254658385093,0.015266627035713586,0
0.3025325904283384,0.08712766774869281,0.0,0.156055900621118,0.010463202850903672,0
0.14822045160730368,0.0074493106787257785,0.0,0.1586438923395445,0.3626036229659195,0
0.34351672025333163,0.004853209856074147,0.0,0.15890269151138714,0.015155429376781151,0
0.34521931944808487,0.0020366520612031275,0.0,0.15773809523809523,0.012811566695508973,0
0.2798469220844718,0.0064216173456727145,0.0,0.23447204968944094,0.02795250915383776,0
0.33645943905072395,0.004307773299776667,0.0,0.15773809523809523,0.012722597482345718,0
0.0,0.3476626219798685,0.0,0.07932194616977226,0.18816366490751416,0
0.3302028181672627,0.0072188873395382935,0.0,0.15734989648033124,0.003847930697075171,0
0.3219494913573416,0.005316827976658341,0.0,0.15282091097308487,0.019745420575222324,0
0.37689298717681896,0.0017986795250169735,0.0,0.07983954451345755,0.004212868122631205,0
0.2852589478525267,0.04548601663851383,0.0,0.15631469979296064,0.017605725133051798,0
0.27237097634465546,0.040893703684809185,0.0,0.1601966873706004,0.011778402199967099,0
0.3329242555216639,0.0036497113842471353,0.0,0.09057971014492751,0.014011164026245065,0
0.3653664244632136,0.015882103237135035,0.0,0.0,0.015462908904058376,0
0.14118496499429337,0.0053300652112848144,0.0,0.37448240165631463,0.02813108714144063,0
0.16161725098175947,0.014855815922033656,0.0,0.30797101449275355,0.01538689220560917,0
0.27230840753006436,0.00026074436848847626,0.0,0.1570910973084886,0.0009515927996144829,0
0.25123753213372674,0.0040548770454891855,0.0,0.1555383022774327,0.020742693265294904,0
0.24256613994555187,0.0016907249008352638,0.0,0.1555383022774327,0.03753454098863985,0
0.2362825874019827,0.03743521935277454,0.0,0.14285714285714285,0.012187959228156853,0
0.29594121636281295,0.0017801786413832804,0.0,0.0795807453416149,0.019688363524715997,0
0.2815975876480669,0.0019100587808500266,0.0,0.07660455486542442,0.01534851059560976,0
0.15751923369534498,0.005899448356790879,0.0,0.23059006211180122,0.04742813979964188,0
0.26491483488501755,0.0026672566480366706,0.0,0.07996894409937887,0.016508821237098792,0
0.21342265665020946,0.000751037466572446,0.0,0.15890269151138714,0.012268959164875652,0
0.26639800704744493,0.0,0.0,0.07815734989648032,0.0028866397649019693,0
0.021952123777833274,0.00859019522250501,0.0,0.43866459627329185,0.037122524481054624,0
0.3025325904283384,0.0008515130101362799,0.0,0.0,0.010592569849554805,0
0.17638699347238534,0.049773517693457836,0.0,0.07996894409937887,0.07393638649395481,0
0.04566441988683995,0.0036765388956279343,0.0,0.37383540372670804,0.020638240712311944,0
0.10887389549569909,0.09786195916012601,0.0,0.14466873706004138,0.018533330465103092,0
0.1777456467086805,0.0006972077679148386,0.0,0.13457556935817805,0.015304314966580856,0
0.10934196364244506,0.003152624377897947,0.0,0.23240165631469978,0.012021793536940589,0
0.11063776612326968,0.016115056916590775,0.0,0.15734989648033124,0.056138196273613106,0
0.18581313427945037,0.011786716145114949,0.0,0.07414596273291925,0.009894321907157784,0
0.17462118172925684,0.017106783006521128,0.0,0.08009834368530021,0.013619018377999035,0
0.17641692412466708,0.003816614202884311,0.0,0.07660455486542442,0.012303863742869608,0
0.1850991454124607,0.0010383670143888064,0.0,0.07168737060041407,0.004857619578853482,0
0.10278595397928894,0.004186316966900581,0.0,0.07996894409937887,0.10623272950568007,0
0.1565244793883356,0.0009925724069476407,0.0,0.07841614906832298,0.014598916968489924,0
0.0005908086862899564,0.005449017036243467,0.0,0.3101708074534161,0.029380987887939948,0
0.096519553788927,0.009891910752367169,0.0,0.1551501035196687,0.011758634430588128,0
0.11956368227905975,0.022428183309274312,0.0,0.07815734989648032,0.021745805021959393,0
0.12968352279858453,0.008128737178494006,0.0,0.07996894409937887,0.016001313807113123,0
0.03952874750152223,0.0351815164993242,0.0,0.07983954451345755,0.11307338041142155,0
0.12406255418896224,0.0003477969305223327,0.0,0.08009834368530021,0.015948067897714812,0
0.13149457246712204,0.0005274720014712532,0.0,0.08009834368530021,0.0019533524610123552,0
0.11063776612326968,0.014936668719871114,0.0,0.07893374741200827,0.00950510137649557,0
0.09629448510458635,0.03323262554463453,0.0,0.07776915113871635,0.009823899687178015,0
0.10935599836325043,0.017832332553619497,0.0,0.0754399585921325,0.009603078821852096,0
0.11063776612326968,0.0009550982766938622,0.0,0.07867494824016562,0.013778281261579832,0
0.11063776612326968,0.006779274853535983,0.0,0.07349896480331262,0.009026711697881485,0
0.10278489052692955,0.0014747172435163457,0.0,0.07996894409937887,0.012434755910346944,0
0.09586996474819864,0.006639455409563902,0.0,0.08022774327122152,0.01080537410140493,0
0.09586996474819864,0.0009364596205224712,0.0,0.08009834368530021,0.014141487113727898,0
0.044898345865227125,0.005159443764241744,0.0,0.1493271221532091,0.01539541207947717,0
0.04486524690713245,0.0016060341537333682,0.0,0.1570910973084886,0.009420269629050716,0
0.04489047988971406,0.004409272296477684,0.0,0.1493271221532091,0.010490679027608337,0
0.0,0.11186059371618669,0.0,0.07996894409937887,0.00970932995739419,0
4.941976073876122e-07,0.005112620783215621,0.0,0.21687370600414077,0.012941940047337185,0
0.0,0.0019788860043255855,0.0,0.20885093167701863,0.0017381916863925837,0
0.003527091744275777,0.008992846534934077,0.0,0.07996894409937887,0.113507002668808,0
0.0559694938177151,0.0010529758238325391,0.0,0.08009834368530021,0.01601445836938622,0
0.04489047988971406,0.020392776121358237,0.0,0.07776915113871635,0.008628197978608084,0
0.0072492982805314,0.005474564001090844,0.0,0.15062111801242234,0.015046165775343847,0
0.10935599836325043,0.0,0.0,0.0,0.0005992653450769611,0
0.05155143229115927,0.0037000979995742435,0.0,0.08022774327122152,0.009875719186768299,0
0.04489047988971406,0.004444935701950293,0.0,0.08022774327122152,0.014107266939224018,0
0.04489047988971406,0.0008137239712249065,0.0,0.08022774327122152,0.01657967454712926,0
2.2046572073169865e-06,0.00027452162225824776,0.0,0.15825569358178052,0.013816395455941051,0
0.04489047988971406,0.004753861095050769,0.0,0.07893374741200827,0.01112882264122375,0
0.04489047988971406,0.004790075590674169,0.0,0.07880434782608695,0.010028028959957214,0
0.04489047988971406,0.00040938125487321146,0.0,0.08009834368530021,0.014318809836157088,0
0.044890397867136375,0.003356611381302739,0.0,0.07945134575569357,0.010433760706383069,0
0.04489047988971406,0.0038229911032006056,0.0,0.07971014492753623,0.009405776906544483,0
0.04489047988971406,0.00400185922071444,0.0,0.07880434782608695,0.009996568476945583,0
0.0,0.0,0.0,0.15942028985507245,0.009368190089638078,0
0.04489047988971406,0.0015254175373891048,0.0,0.07168737060041407,0.019688363524715997,0
0.045105274845387545,0.0014516501843475282,0.0,0.07919254658385093,0.011907220811120105,0
0.08978290098313794,0.001481153189205939,0.0,0.0,0.016479796989616432,0
0.04489047988971406,0.00045094919767572217,0.0,0.07815734989648032,0.014369051274178693,0
0.04489047988971406,0.0006055693485547582,0.0,0.07919254658385093,0.012863540596910632,0
0.04489047988971406,0.0008640306292756723,0.0,0.07738095238095237,0.014184832668099476,0
0.0,0.0,0.0,0.15890269151138714,0.00828983727356463,0
0.0,0.0,0.0,0.15838509316770183,0.00828983727356463,0
0.044891646578124916,0.0017672673864218944,0.0,0.07608695652173912,0.012753595805484047,0
0.04489047988971406,0.00083883793666809,0.0,0.07789855072463767,0.011673444323999173,0
0.04489047988971406,0.0017896259011111236,0.0,0.07608695652173912,0.011489423589677295,0
0.0,0.0,0.0,0.156055900621118,0.00828983727356463,0
0.04489047988971406,0.0027282898822367585,0.0,0.0738871635610766,0.011992094696709999,0
0.04489047988971406,0.0014359047514677893,0.0,0.07660455486542442,0.01027939821922014,0
0.04489047988971406,0.0007802649263554613,0.0,0.07712215320910971,0.010227721311540778,0
0.04489047988971406,0.0007336584450314342,0.0,0.07738095238095237,0.009853957513859842,0
0.04489047988971406,0.0005377852600074823,0.0,0.07945134575569357,0.007342427299442958,0
0.04489047988971406,0.0006946097714896817,0.0,0.07168737060041407,0.013920670138627397,0
4.4167562421122163e-13,0.00042103287520421824,0.0,0.14738612836438922,0.01289530242554498,0
0.04516749691865645,0.0009686590307615373,0.0,0.07168737060041407,0.012434755910346944,0
0.0007663656371308656,0.0006005308100332417,0.0,0.14337474120082813,0.014707775807937246,0
0.04489047988971406,0.0012495575533360793,0.0,0.07168737060041407,0.009545873224104726,0
0.04489047988971406,0.000356161691739694,0.0,0.07815734989648032,0.0028465103891155657,0
0.05097948485848736,0.038064820168261994,0.0,0.0,0.008464360163534412,0
0.06851704258101951,0.00038763287570807214,0.0,0.0,0.028669020571077678,0
1.8738154883833806e-09,0.0004974769518353506,0.0,0.07582815734989648,0.027830167989824114,0
9.143323624275622e-11,0.0004651004054763875,0.0,0.07945134575569357,0.021908855651563666,0
0.0,4.377230340567415e-05,0.0,0.09937888198757763,0.00013763459074883803,0
3.2572620010501284e-18,0.0002460814341192194,0.0,0.07945134575569357,0.01934295363831747,0
0.05155143229115927,0.0024341651960432358,0.0,0.0,0.009931389208923962,0
0.0,0.00786137972819604,0.0,0.07738095238095237,0.008494524613652646,0
1.8865542441319584e-09,0.00037424925776029407,0.0,0.07738095238095237,0.01657967454712926,0
0.0,0.0002481480221846851,0.0,0.08022774327122152,0.012711083819465766,0
0.0,0.0008842635105261368,0.0,0.07893374741200827,0.011667178385016887,0
1.522024435254922e-10,0.0002895535902106235,0.0,0.07789855072463767,0.013481452535797024,0
0.0,0.004999489847974697,0.0,0.0759575569358178,0.008544909189674309,0
0.04489047988971406,0.0017281399857157433,0.0,0.0,0.01223737883240493,0
0.0,0.00035143806187577233,0.0,0.07776915113871635,0.010471373398186901,0
0.0,0.0,0.0,0.07945134575569357,0.009064588420626745,0
0.0,0.00034608461469666106,0.0,0.07893374741200827,0.008737936585649203,0
0.0,0.0,0.0,0.07932194616977226,0.00828983727356463,0
0.0,0.0,0.0,0.0785455486542443,0.00828983727356463,0
0.04489047988971406,0.0006181656948585493,0.0,0.0,0.010103239177156893,0
0.04489047988971406,0.00013281272634059764,0.0,0.0,0.010035066173262447,0
0.0,0.0,0.0,0.07996894409937887,0.00027058816026472087,0
0.0,0.0,0.0,0.07168737060041407,0.00828983727356463,0
0.0,0.0,0.0,0.07608695652173912,0.0012409936038270404,0
2.19022296982443e-11,0.0003255368247886018,0.0,0.0,0.020448265274792755,0
0.0,0.0030029689588238037,0.0,0.0,0.010016886705557261,0
0.0,0.001210508879794327,0.0,0.0,0.011780295072960262,0
0.0,0.00032246646537705274,0.0,0.0,0.009326066932760209,0
0.0,0.00032246646537705274,0.0,0.0,0.009326066932760209,0
0.0,0.00032246646537705274,0.0,0.0,0.009326066932760209,0
0.0,0.00032246646537705274,0.0,0.0,0.009326066932760209,0
0.0,0.00028341779183530024,0.0,0.0,0.009265112246925175,0
0.0,0.00032246646537705274,0.0,0.0,0.0092109303039607,0
0.0,0.00032246646537705274,0.0,0.0,0.009118821000921094,0
0.0,0.0002683021762707509,0.0,0.0,0.009118821000921094,0
0.0,2.0154154086065796e-05,0.0,0.0,0.008842493091802272,0
0.0,0.00032246646537705274,0.0,0.0,0.00828983727356463,0
0.0,0.0,0.0,0.0,0.00828983727356463,0
0.0,0.0,0.0,0.0,0.00828983727356463,0
0.0,0.0,0.0,0.0,0.00828983727356463,0
0.0,0.0,0.0,0.0,0.00828983727356463,0
0.0,0.0,0.0,0.0,0.00828983727356463,0
0.0,0.0,0.0,0.0,0.0,0
0.0,0.0,0.0,0.0,0.0,0
1.0,0.0007810730805061245,0.0,0.40148698884758355,0.17125984251968504,0
1.0,0.012437503983337107,0.0,0.14710568242166752,0.22263779527559055,0
1.0,0.008477897394660226,0.0,0.15082315454062664,0.15737390934241327,0
1.0,0.0036667041834870847,0.0,0.15082315454062664,0.13656013586536977,0
2.8855282146355823e-34,1.0,0.0,0.12161444503451938,0.3323709536307961,0
1.4587162941963636e-39,0.34873794320134194,0.10456062291434909,0.12161444503451938,0.5550270811524282,0
3.202462612399997e-66,0.02773046740986132,0.0714285714285714,0.14976101964949548,0.930511811023622,0
0.0,0.056014872933241304,0.0,0.14976101964949548,1.0,0
1.4086466470037824e-13,0.013110094691550715,0.0,1.0,0.13829433292669402,0
0.0,0.0003688400657945588,0.0,0.7296866702071162,0.24261811023622046,0
9.109517586854465e-47,0.010549571698033892,0.08862914274054867,0.0,0.7589161648911533,0
3.202462612399997e-66,0.01952682701265311,0.33333333333333337,0.15082315454062664,0.16491688538932633,0
3.202462612399997e-66,0.097221902048554,0.19999999999999996,0.15082315454062664,0.211047482701026,0
8.894431837702578e-48,0.24770322477411935,0.0,0.12161444503451938,0.34699706654315265,0
6.4936257572524064e-24,0.04196835501398745,0.0,0.5225703664365373,0.21765607950691557,0
3.202462612399997e-66,0.002646969883937422,0.25,0.14976101964949548,0.16310461192350956,0
9.914895788163147e-46,0.008239236175616688,0.125,0.15082315454062664,0.333005249343832,0
3.202462612399997e-66,0.009783753951131404,0.19999999999999996,0.14976101964949548,0.17025832297278629,0
1.528357283243541e-60,0.07031691769035606,0.11434945917704531,0.0,0.3749392437056479,0
3.202462612399997e-66,0.0029941134752734773,0.19999999999999996,0.15082315454062664,0.16310461192350956,0
1.9122625755015038e-23,0.015511623208176317,0.0,0.4094530005310674,0.22038088262223038,0
1.7134740663534902e-19,0.1061988183557598,0.0,0.137546468401487,0.338211261328183,0
0.20826060806533184,0.042286428719623244,0.0,0.0,0.1391486220472441,0
4.7303890233044146e-27,0.05228307932637871,0.0,0.2989909718534253,0.1723791878956307,0
2.232482110547857e-62,0.0015319745012183927,0.04347826086956519,0.15082315454062664,0.3031496062992126,0
0.0,0.022623998741604482,0.0,0.14976101964949548,0.3425196850393701,0
0.0,0.008852161579069411,0.0,0.2989909718534253,0.19572553430821146,0
4.7303890233044146e-27,0.024403109647201764,0.0,0.2989909718534253,0.15665629005676615,0
0.0,0.018246735019601407,0.0,0.2989909718534253,0.160774546038888,0
0.20826060806533184,0.0,0.0,0.0,0.11417322834645668,0
0.0,0.009302363424083358,0.0,0.29580456718003184,0.1395450568678915,1
0.0,0.004881706753163278,0.0,0.26978226234731806,0.16429806030343766,0
0.027777475589158128,0.0002169647445850346,0.0,0.15135422198619222,0.22834645669291337,0
8.894431837702578e-48,0.012730406388526905,0.0,0.14976101964949548,0.255530558680165,0
0.0,0.002169647445850346,0.0,0.15082315454062664,0.25469412477286496,0
0.0,0.020850311954621822,0.0,0.12161444503451938,0.25281214848143985,0
0.0,0.004881706753163278,0.0,0.14976101964949548,0.2420472440944882,0
0.0,0.00019526827012653113,0.0,0.15082315454062664,0.2420472440944882,0
0.0,0.006639121184302058,0.0,0.14976101964949548,0.22834645669291337,0
0.027777475589158128,0.002364915715976877,0.0,0.15135422198619222,0.18553149606299213,0
0.0,0.0010631272484666694,0.0,0.14976101964949548,0.23378327709036367,0
0.0,0.010002074725370094,0.0,0.14976101964949548,0.21796707229778095,0
0.0,0.013972529551276227,0.0,0.15082315454062664,0.20931758530183725,0
0.0,0.0021045580224748357,0.0,0.12161444503451938,0.2473753280839895,0
0.0,2.1696474458503458e-05,0.0,0.15082315454062664,0.22073490813648294,0
1.7788863675405156e-47,0.0007810730805061245,0.0,0.14976101964949548,0.21796707229778095,0
0.0,0.001974379175723815,0.0,0.15082315454062664,0.20931758530183725,0
6.37339021520639e-14,0.03065169429125076,0.0,0.1486988847583643,0.16712313134771198,0
8.894431837702578e-48,0.0,0.0,0.15082315454062664,0.20551181102362204,0
8.894431837702578e-48,0.03300033765138376,0.0,0.15082315454062664,0.15725746545832714,0
0.0,0.002169647445850346,0.0,0.14976101964949548,0.19720830350751611,0
0.0,8.678589783401383e-05,0.0,0.15082315454062664,0.19572553430821146,0
0.0,0.0005424118614625865,0.0,0.15082315454062664,0.19476609541454376,0
0.0,0.0005424118614625865,0.0,0.15082315454062664,0.19476609541454376,0
0.0,0.0005424118614625865,0.0,0.15082315454062664,0.19476609541454376,0
0.0,0.003341257066609533,0.0,0.137546468401487,0.20297462817147854,0
0.0,0.007832427279519749,0.0,0.15082315454062664,0.18206001276867417,0
0.0,0.0062702811185075,0.0,0.15082315454062664,0.18366997603560425,0
0.0,0.0003471435913360553,0.0,0.15082315454062664,0.19028871391076116,0
0.0,0.013560296536564662,0.0,0.14976101964949548,0.16929133858267717,0
0.0,8.678589783401383e-05,0.0,0.14976101964949548,0.18553149606299213,0
0.0,0.001930986226806808,0.0,0.15082315454062664,0.17941507311586052,0
0.0,0.0010631272484666694,0.0,0.15082315454062664,0.17506561679790028,0
0.0,0.0026252734094789187,0.0,0.15082315454062664,0.16224616659759636,0
0.0,0.0036667041834870847,0.0,0.15082315454062664,0.15984251968503935,0
0.0,0.00019526827012653113,0.0,0.14976101964949548,0.15766779152605923,0
0.0,0.0013885743653442213,0.0,0.1486988847583643,0.15698818897637795,0
0.0,0.0010631272484666694,0.0,0.15082315454062664,0.14930345245305876,0
0.0,0.007029657724555121,0.0,0.1486988847583643,0.1413573303337083,0
0.0,0.0005424118614625865,0.0,0.15082315454062664,0.14679415073115862,0
9.965180407912228e-18,0.013164335877696973,0.0,0.15082315454062664,0.12890525781051562,0
0.0,0.0,0.0,0.15082315454062664,0.144332194324766,0
0.0,0.0016218114657731335,0.0,0.15082315454062664,0.14103751736915238,0
0.0,0.0027066351886983063,0.0,0.15082315454062664,0.13820969747202652,0
0.0,0.012497169288097992,0.0,0.15082315454062664,0.12178477690288714,0
0.0,0.0003471435913360553,0.0,0.14976101964949548,0.13700787401574802,0
0.0,0.007029657724555121,0.0,0.15082315454062664,0.12559055118110238,0
0.0,0.0007810730805061245,0.0,0.15082315454062664,0.1332020997375328,0
0.0,0.0062702811185075,0.0,0.14976101964949548,0.12619146290924163,0
0.0,0.0,0.0,0.15082315454062664,0.1332020997375328,0
0.0,0.00019526827012653113,0.0,0.15082315454062664,0.1317383403997577,0
0.0,0.0,0.0,0.15082315454062664,0.1317383403997577,0
8.894431837702578e-48,0.00019526827012653113,0.0,0.14976101964949548,0.1317383403997577,0
0.0,0.002169647445850346,0.0,0.14976101964949548,0.12844488188976377,0
9.03338356397031e-16,0.004881706753163278,0.0,0.15082315454062664,0.11417322834645668,0
0.0,0.003124292322024498,0.0,0.15082315454062664,0.11417322834645668,0
0.0,0.0,0.0,0.15082315454062664,0.11417322834645668,0
0.0,0.0,0.0,0.15082315454062664,0.11417322834645668,0
0.0,0.0,0.0,0.15082315454062664,0.11417322834645668,0
0.0,0.0,0.0,0.15082315454062664,0.11417322834645668,0
0.0,0.0,0.0,0.15082315454062664,0.11417322834645668,0
0.0,0.0,0.0,0.15082315454062664,0.11417322834645668,0
0.0,0.0,0.0,0.15082315454062664,0.11417322834645668,0
0.0,0.0,0.0,0.15082315454062664,0.11417322834645668,0
0.0,0.0,0.0,0.15082315454062664,0.11417322834645668,0
0.0,0.0,0.0,0.15082315454062664,0.11417322834645668,0
0.0,0.0,0.0,0.15082315454062664,0.11417322834645668,0
0.0,0.0,0.0,0.15082315454062664,0.11417322834645668,0
0.0,0.0,0.0,0.15082315454062664,0.11417322834645668,0
0.0,0.0,0.0,0.15082315454062664,0.11417322834645668,0
0.0,0.0,0.0,0.15082315454062664,0.11417322834645668,0
0.0,0.0,0.0,0.15082315454062664,0.11417322834645668,0
0.0,0.0,0.0,0.15082315454062664,0.11417322834645668,0
0.0,0.0,0.0,0.15082315454062664,0.11417322834645668,0
0.0,0.0,0.0,0.15082315454062664,0.11417322834645668,0
0.0,0.0,0.0,0.15082315454062664,0.11417322834645668,0
0.0,0.0,0.0,0.15082315454062664,0.11417322834645668,0
0.0,0.0,0.0,0.15082315454062664,0.11417322834645668,0
0.0,0.0,0.0,0.15082315454062664,0.11417322834645668,0
0.0,0.0,0.0,0.15082315454062664,0.11417322834645668,0
0.0,0.0,0.0,0.15082315454062664,0.11417322834645668,0
0.0,0.0,0.0,0.15082315454062664,0.11417322834645668,0
0.0,0.0,0.0,0.15082315454062664,0.11417322834645668,0
0.0,0.0005424118614625865,0.0,0.14976101964949548,0.11417322834645668,0
0.0,0.0,0.0,0.14976101964949548,0.11417322834645668,0
0.0,0.0,0.0,0.14976101964949548,0.11417322834645668,0
0.0,0.0,0.0,0.14976101964949548,0.11417322834645668,0
0.0,0.0,0.0,0.14976101964949548,0.11417322834645668,0
0.0,0.0,0.0,0.14976101964949548,0.11417322834645668,0
8.894431837702578e-48,0.0,0.0,0.14976101964949548,0.11417322834645668,0
0.0,0.0,0.0,0.14976101964949548,0.11417322834645668,0
0.0,0.0,0.0,0.14976101964949548,0.11417322834645668,0
6.591779931865828e-10,0.049570681011652365,0.0,0.0,0.18607807002848048,0
0.0,0.018246735019601407,0.0,0.0,0.12153924307848615,0
0.0,0.0,0.0,0.0,0.11417322834645668,0
0.0,0.0,0.0,0.0,0.11417322834645668,0
0.0,0.0,0.0,0.0,0.11417322834645668,0
0.0,0.0,0.0,0.0,0.11417322834645668,0
8.894431837702578e-48,0.0,0.0,0.0,0.0,0
0.0,0.0,0.0,0.0,0.0,0
0.0,0.0,0.0,0.0,0.0,0
0.0,0.0,0.0,0.0,0.0,0
